zipcode,Population,Population Density,Housing Units,Median Home Value,Land Area,Water Area,Occupied Housing Units,Median Household Income,Median Age,Male Median Age,Female Median Age,Male Population,Female Population,White Population,Black or African American Population,American Indian or Alaskan Native Population,Asian Population,Native Hawaiian and Other Pacific Islander Population,Other Race Population,Two or More Races Population,Husband and Wife Family Households,Single Guardian Households,Singles Households,Singles with Roommate Households,Households without Kids,Households with Kids,In Occupied Housing Units,Correctional Facilities,Juvenile Facilities,Nursing Facilities,Other Institutional,College Student Housing,Military Quarters,Other Noninstitutional,Owned House with Mortgage,Owned House Entirely,House Occupied by Renter,Households Vacant,Rented Studio Apartment,Rented 1 Bedroom,Rented 2 Bedroom,Rented 3+ Bedroom,Worked Full-time,Worked Part-time,No Earnings,"Commute in Car, Truck, or Van",Commute in Public Transportation,Commute in Taxicab,Commute in Motorcycle,"Commute in Bicycle, Walking, Other",Worked at Home,Less than High School Diploma,High School Graduate,Associate's degree,Master's degree,Professional school degree,Doctorate degree,Enrolled in Public School,Enrolled in Private School,Not Enrolled in School
98027,"26,141",469,"11,248","$478,800",55.79,1.13,"10,454","$100,644",41,40,42,"12,785","13,356","21,727",309,130,"2,537",39,503,896,"6,022","1,115","2,567",750,"7,151","3,303","25,735",0,0,131,0,0,0,275,"6,053","1,575","2,826",794,28,740,"1,305",832,"10,536","6,086","6,175","12,476",995,0,9,484,900,703,"6,547","1,545","3,365",684,314,"3,680",711,286
98117,"31,365","7,953","14,213","$463,500",3.94,0.61,"13,667","$86,986",40,39,40,"15,358","16,007","27,314",516,211,"1,566",32,436,"1,290","6,450","1,386","3,973","1,858","9,922","3,745","31,088",0,0,136,0,0,0,141,"7,628","2,260","3,779",546,235,"1,383","1,408","1,059","13,248","7,256","4,773","12,511","2,864",0,37,"1,488","1,363",646,"5,998","1,627","4,072","1,290",606,"2,831","1,458",292
98029,"24,348","2,719","10,222","$446,900",8.95,0.02,"9,656","$99,974",35,34,36,"11,691","12,657","16,643",329,60,"5,965",27,274,"1,050","5,632",994,"2,497",533,"5,677","3,979","24,234",0,0,114,0,0,0,0,"5,913","1,075","2,668",566,120,699,"1,242","1,233","9,610","4,743","5,468","10,351",887,0,74,514,841,400,"4,577","1,546","2,925",593,690,"4,359",965,556
98065,"12,699",171,"4,556","$418,900",74.09,0.87,"4,278","$121,415",34,34,34,"6,406","6,293","10,745",110,111,"1,014",10,162,547,"2,964",482,610,222,"2,087","2,191","12,573",0,126,0,0,0,0,0,"3,281",323,674,278,21,104,244,512,"5,061","2,005","1,605","5,502",153,0,14,101,451,234,"2,747",655,"1,063",313,90,"2,397",908,213
98006,"36,364","3,402","13,891","$574,000",10.69,0.75,"13,288","$110,290",42,41,44,"17,995","18,369","22,707",599,95,"10,959",77,397,"1,530","8,877","1,471","2,264",676,"8,101","5,187","36,160",0,0,25,0,0,0,179,"7,907","2,743","2,638",603,0,202,966,"1,430","12,365","6,920","9,250","13,656","1,413",25,56,328,"1,368",559,"6,238","1,955","4,184","1,361","1,137","6,315","1,363",422
98106,"22,873","4,161","9,990","$281,700",5.50,0.32,"9,018","$57,875",34,34,35,"11,288","11,585","11,715","2,658",377,"4,669",290,"1,599","1,565","3,352","1,985","2,456","1,225","6,178","2,840","22,842",0,0,7,7,0,0,17,"4,089",797,"4,132",972,153,"1,489","2,187","1,155","8,141","6,045","5,404","9,577","1,800",27,70,410,410,"2,528","7,394","1,564","1,045",141,45,"2,808",359,552
98011,"29,212","3,569","12,646","$351,000",8.19,0.00,"11,905","$71,720",38,36,39,"14,181","15,031","23,348",557,132,"2,766",57,"1,029","1,323","6,013","1,625","3,246","1,021","8,117","3,788","28,978",0,0,88,0,0,0,146,"6,430","1,468","4,007",741,211,"1,172","1,567","1,104","10,612","6,836","6,634","12,992","1,132",0,95,359,"1,021","1,206","8,483","1,985","2,206",403,359,"4,537",677,435
98052,"58,442","2,908","25,674","$465,200",20.10,0.83,"24,008","$99,192",34,33,36,"29,710","28,732","38,963",955,208,"14,141",91,"1,768","2,316","12,739","2,413","6,819","2,037","16,066","7,942","58,125",0,0,171,0,0,0,146,"10,907","2,666","10,435","1,666",388,"3,773","4,952","2,460","23,520","11,394","12,758","25,472","2,088",13,63,"1,813","1,900","2,061","11,252","3,104","9,007",805,"1,179","7,326","2,602",671
98133,"44,555","6,279","21,903","$326,400",7.10,0.07,"20,180","$51,499",39,37,41,"21,613","22,942","29,709","3,050",470,"7,083",198,"1,584","2,461","7,070","2,730","7,847","2,533","15,712","4,468","43,471",0,8,580,0,0,0,496,"7,568","2,401","10,211","1,723",660,"4,284","3,911","1,671","15,741","11,375","12,510","17,236","3,749",0,63,"1,257","1,374","2,972","14,444","3,225","3,239",461,654,"4,858",862,545
98102,"20,756","15,829","14,289","$406,000",1.31,0.25,"13,032","$65,054",33,34,32,"11,131","9,625","17,129",531,116,"1,689",48,334,909,"2,165",515,"7,300","3,052","12,305",727,"20,443",0,0,0,0,0,0,313,"2,931",908,"9,193","1,257","1,407","5,956","2,229",413,"11,449","7,179","2,836","7,356","4,490",38,61,"4,071",984,282,"3,887","1,220","3,388","1,223",600,389,309,22
98001,"31,911","1,717","11,249","$268,800",18.59,0.32,"10,717","$71,746",38,38,38,"16,047","15,864","22,385","1,453",300,"4,265",434,"1,413","1,661","6,468","1,772","1,801",676,"6,498","4,219","31,694",30,0,4,21,0,0,162,"6,975","1,369","2,373",532,62,307,"1,064","1,320","11,210","7,226","8,178","14,452","1,057",0,54,212,579,"1,957","12,586","3,015",942,152,72,"5,979",470,800
98092,"39,816",892,"14,935","$287,600",44.63,0.71,"14,129","$70,877",35,34,36,"19,756","20,060","28,858","1,568","1,637","4,074",305,"1,406","1,968","7,909","2,274","2,765","1,181","8,729","5,400","39,654",0,0,13,10,0,0,139,"8,352","1,894","3,883",806,20,975,"2,027","1,363","13,225","8,608","9,574","16,851",725,22,52,542,775,"2,183","12,835","2,930","1,830",353,261,"6,430","1,233",713
98125,"37,081","6,879","18,677","$372,000",5.39,1.54,"17,169","$53,044",38,36,39,"18,184","18,897","24,760","2,862",367,"5,616",191,"1,167","2,118","6,095","2,257","6,551","2,266","13,406","3,763","36,682",0,0,113,0,0,0,286,"6,108","2,099","8,962","1,508",971,"4,084","3,074","1,278","12,741","9,730","8,818","13,656","4,042",0,113,"1,047","1,051","2,229","9,581","2,057","3,739",859,950,"3,389",891,351
98059,"34,463","1,725","13,004","$363,500",19.98,0.06,"12,404","$91,465",38,37,38,"17,187","17,276","23,054","1,106",199,"6,906",152,"1,401","1,645","7,541","1,722","2,360",781,"7,510","4,894","34,332",0,5,0,0,0,0,126,"7,739","1,945","2,720",600,80,709,"1,120","1,016","13,876","6,796","7,572","16,355",929,0,0,387,986,"1,524","10,485","2,181","2,541",468,540,"5,514","1,426",920
98199,"19,686","4,714","9,810","$606,200",4.18,1.50,"9,098","$82,882",42,41,42,"9,607","10,079","16,911",320,85,"1,259",49,217,845,"4,182",817,"3,010","1,089","6,879","2,219","19,620",0,0,12,5,0,0,49,"4,381","1,557","3,160",712,36,"1,373","1,181",699,"8,422","4,458","3,964","8,276","1,622",0,52,749,680,353,"3,554","1,087","2,387","1,042",599,"2,112",999,216
98115,"46,206","7,018","21,623","$492,700",6.58,2.11,"20,456","$84,159",38,37,38,"22,428","23,778","37,773",938,213,"4,425",65,520,"2,272","9,043","1,802","6,699","2,912","15,219","5,237","45,776",12,63,19,0,0,0,336,"9,646","3,539","7,271","1,167",625,"2,307","2,956","1,693","18,588","12,272","8,477","16,963","5,228",0,163,"2,672","2,088",413,"7,818","1,944","6,980","2,453","2,581","4,310","2,366",377
98107,"21,147","9,602","12,360","$447,700",2.20,0.27,"11,284","$67,566",36,36,35,"10,422","10,725","18,232",443,170,"1,040",46,280,936,"3,198",861,"5,062","2,163","9,605","1,679","20,917",0,0,0,0,0,0,230,"3,813",896,"6,575","1,076",951,"2,966","2,878",996,"10,010","6,323","3,350","8,699","2,608",0,184,"1,682","1,265",589,"4,709","1,402","3,068",579,637,"1,082",578,93
98024,"5,650",236,"2,246","$490,600",23.92,0.52,"2,079","$93,777",43,43,43,"2,876","2,774","5,065",32,38,225,8,96,186,"1,359",255,342,123,"1,310",769,"5,644",0,0,0,0,0,0,6,"1,355",394,330,167,0,94,162,113,"1,916","1,546","1,253","2,572",145,0,0,53,190,236,"1,655",462,241,118,88,849,223,92
98155,"32,778","4,330","13,905","$340,900",7.57,0.66,"13,231","$72,281",42,40,43,"16,206","16,572","24,414","1,450",260,"4,243",91,582,"1,738","6,465","1,900","3,654","1,212","9,339","3,892","32,093",0,0,229,5,0,0,451,"7,007","2,173","4,051",674,129,"1,144","1,702","1,117","11,906","7,156","7,793","13,736","1,453",0,17,533,876,"1,854","9,533","2,094","2,421",798,714,"4,634",744,479
98072,"22,312","1,231","9,091","$466,100",18.13,0.03,"8,434","$107,654",41,40,42,"11,115","11,197","18,796",224,97,"1,914",42,413,826,"5,215",888,"1,848",483,"5,419","3,015","22,222",2,6,25,5,0,0,52,"5,339","1,189","1,906",657,116,696,818,451,"8,745","4,566","4,720","9,981",410,0,42,292,"1,171",480,"5,557","1,417","2,152",481,273,"3,410",785,367
98042,"43,673","1,537","15,820","$297,100",28.41,1.21,"15,097","$87,342",38,37,39,"21,802","21,871","33,687","1,716",349,"3,865",242,"1,474","2,340","9,574","2,246","2,407",870,"8,986","6,111","43,600",0,0,0,6,0,0,67,"10,606","1,995","2,496",723,10,441,386,"1,628","16,586","8,556","9,106","20,331",809,25,12,332,"1,145","2,181","15,875","2,804","2,269",303,84,"7,798",980,782
98116,"22,241","7,523","11,961","$467,900",2.96,0.73,"11,104","$74,274",42,41,43,"10,640","11,601","19,356",420,162,"1,059",42,222,980,"4,165",994,"4,593","1,352","8,842","2,262","22,018",0,0,185,0,0,0,38,"4,964","1,496","4,644",857,159,"2,145","2,001",690,"9,304","5,177","5,137","9,414","1,934",0,33,693,924,480,"5,516","1,656","2,509",837,430,"2,011","1,322",433
98034,"40,407","4,428","17,880","$364,900",9.13,1.69,"16,891","$77,688",36,35,38,"20,017","20,390","30,614",812,199,"5,132",117,"1,590","1,943","7,893","2,246","5,017","1,735","12,089","4,802","39,878",0,13,165,4,43,0,304,"8,562","1,787","6,542",989,230,"1,751","2,461","1,623","15,037","8,371","7,539","17,063","1,553",62,94,514,"1,132","1,624","10,016","2,577","3,402",658,436,"4,764","1,145",639
98119,"21,039","8,638","11,592","$608,300",2.44,0.63,"10,682","$68,383",34,35,33,"10,030","11,009","17,853",483,136,"1,290",35,269,973,"2,939",593,"5,312","1,838","9,228","1,454","19,066",0,19,45,0,"1,364",362,183,"3,500",989,"6,193",910,909,"3,073","1,868",657,"9,544","6,656","3,825","8,162","2,349",23,90,"2,228","1,215",334,"3,659",836,"3,055","1,184",447,981,792,121
98077,"13,585",785,"4,775","$570,700",17.31,0.22,"4,601","$137,125",43,43,44,"6,928","6,657","12,208",102,53,626,15,139,442,"3,571",357,494,179,"2,612","1,989","13,585",0,0,0,0,0,0,0,"3,523",774,304,174,32,21,92,256,"5,126","2,637","3,472","6,196",167,0,4,118,445,226,"3,189",747,"1,642",349,171,"2,908",718,231
98045,"13,888",41,"5,536","$368,300",336.99,6.04,"5,192","$88,906",40,39,40,"6,993","6,895","12,835",57,128,190,23,212,443,"3,131",656,"1,032",373,"3,210","1,982","13,814",0,0,42,0,0,0,32,"3,348",622,"1,222",344,50,203,503,379,"5,568","2,861","2,410","6,803",97,0,0,122,527,598,"4,507",888,561,249,123,"2,275",364,210
98105,"43,924","10,643","17,161","$613,900",4.13,2.48,"15,939","$45,560",23,24,23,"22,194","21,730","31,353",938,195,"8,180",121,650,"2,487","4,495","1,140","6,220","4,084","13,396","2,543","34,816",29,1,0,2,"8,554",0,522,"4,001","1,503","10,435","1,222","1,427","3,540","2,639","2,157","10,349","20,928","9,990","10,699","5,071",0,104,"5,303","1,667",533,"3,663","1,155","4,177","1,445","1,334","2,071","1,314",113
98007,"24,889","5,684","10,996","$379,000",4.38,0.01,"10,315","$73,162",32,31,33,"12,826","12,063","12,269",784,122,"8,928",53,"1,726","1,007","4,802","1,370","2,996","1,147","7,223","3,092","24,758",0,0,6,0,0,0,125,"2,823","1,165","6,327",681,82,"2,298","3,332","1,022","9,446","5,258","5,995","9,257","2,537",0,11,"1,069",470,"1,410","4,675","1,278","3,481",369,444,"2,716",634,292
98074,"25,748","2,411","8,942","$556,000",10.68,1.55,"8,626","$143,686",38,37,38,"12,958","12,790","19,486",259,74,"4,650",12,239,"1,028","6,607",691,"1,021",307,"4,181","4,445","25,706",0,0,0,0,0,0,42,"6,768",924,934,316,59,189,217,547,"9,224","4,460","5,292","10,105",681,7,23,301,"1,153",347,"3,171","1,106","3,653",593,568,"5,658","1,243",326
98166,"20,301","3,580","8,953","$386,900",5.67,1.56,"8,282","$63,320",43,42,44,"10,101","10,200","15,339",635,257,"1,180",171,"1,744",975,"4,141","1,253","2,287",601,"5,923","2,359","20,247",0,25,8,0,0,0,21,"3,826","1,624","2,832",671,148,888,"1,432",644,"6,731","4,459","4,913","8,130",677,0,26,362,441,"1,301","6,498","1,151","1,484",332,271,"2,461",727,499
98008,"24,411","4,437","9,552","$457,200",5.50,2.85,"9,173","$92,986",41,40,43,"12,131","12,280","17,093",590,116,"4,749",58,845,960,"5,375","1,104","2,063",631,"6,209","2,964","23,945",0,0,89,0,0,0,377,"4,854","1,774","2,545",379,29,642,839,889,"8,488","4,985","6,307","9,658","1,590",16,37,343,624,"1,077","5,555","1,280","2,361",427,412,"3,352",767,327
98198,"34,584","4,441","14,328","$258,500",7.79,0.90,"13,106","$56,364",38,36,39,"17,232","17,352","20,412","3,742",430,"3,796",927,"3,347","1,930","5,589","2,532","3,944","1,041","8,996","4,110","33,121",831,0,433,0,0,0,199,"5,705","1,799","5,602","1,222",352,"1,243","2,659","1,244","11,245","7,005","10,280","13,694","1,325",0,47,346,333,"4,043","12,572","2,243","1,177",255,137,"4,583",606,692
98003,"44,151","3,800","18,436","$221,600",11.62,0.11,"17,250","$45,894",35,33,36,"21,343","22,808","24,454","4,782",453,"5,587","1,401","4,599","2,875","6,863","3,610","5,395","1,382","11,490","5,760","43,511",3,0,421,0,0,0,216,"6,313","2,167","8,770","1,186",489,"2,530","3,855","2,102","13,989","8,908","12,669","17,082","1,386",0,77,784,944,"3,570","15,997","3,049","1,212",296,156,"6,956",601,"1,446"
98014,"6,765",149,"2,631","$410,900",45.31,1.79,"2,456","$95,394",41,41,41,"3,447","3,318","6,093",50,58,169,4,213,178,"1,614",275,405,162,"1,561",895,"6,763",0,0,0,0,0,0,2,"1,706",382,368,175,26,53,183,161,"2,587","1,608","1,348","3,154",111,0,26,76,243,391,"1,980",381,481,99,116,"1,018",450,146
98136,"14,770","6,425","7,533","$445,700",2.30,0.84,"7,069","$84,344",43,43,43,"7,003","7,767","12,697",358,94,676,38,202,705,"2,938",683,"2,594",854,"5,446","1,623","14,671",0,0,86,0,0,0,13,"3,551","1,070","2,448",464,66,870,980,500,"6,239","3,354","2,980","6,433","1,078",18,62,361,810,277,"3,791",993,"1,651",546,229,918,799,134
98023,"47,510","4,604","18,026","$265,100",10.32,1.39,"16,912","$67,906",36,34,37,"23,538","23,972","29,149","4,068",429,"6,729","1,034","2,905","3,196","9,131","3,119","3,542","1,120","10,497","6,415","47,319",0,0,0,21,0,0,170,"9,212","1,815","5,885","1,114",84,"1,292","2,475","2,217","16,493","10,327","11,495","20,407","1,680",11,63,526,"1,007","2,708","16,470","3,364","2,273",356,263,"7,937",942,"1,526"
98033,"34,338","3,696","16,615","$528,300",9.29,1.71,"15,249","$103,250",39,38,40,"16,777","17,561","28,152",458,129,"3,589",82,529,"1,399","7,263","1,527","5,059","1,400","11,206","4,043","33,869",17,0,10,4,396,0,42,"7,708","2,054","5,487","1,366",134,"1,368","1,955","1,438","12,953","6,312","6,955","13,815","1,128",0,51,655,"1,506",757,"6,522","1,396","4,038",884,551,"4,138","1,409",443
98038,"31,171",469,"11,387","$317,700",66.49,0.39,"10,854","$95,043",37,36,37,"15,574","15,597","27,227",569,180,"1,193",99,478,"1,425","7,270","1,346","1,688",550,"5,984","4,870","31,171",0,0,0,0,0,0,0,"7,974","1,308","1,572",533,56,275,402,"1,160","11,909","5,983","7,065","14,453",361,0,48,305,850,833,"11,564","2,198","1,763",223,106,"6,745",809,837
98103,"45,911","9,905","24,128","$478,200",4.64,0.66,"22,724","$75,763",34,34,34,"22,667","23,244","38,054","1,123",264,"3,470",71,685,"2,244","7,169","1,797","9,028","4,730","18,811","3,913","45,401",5,0,196,0,0,0,309,"8,672","2,194","11,858","1,404",869,"5,524","3,641","1,920","21,348","13,038","6,656","18,632","6,274",9,199,"3,381","2,367","1,070","7,404","2,086","6,657","1,777","1,927","2,767","1,772",405
98055,"21,904","4,585","9,498","$266,100",4.78,0.10,"8,786","$66,461",35,34,36,"10,671","11,233","10,741","2,985",141,"5,494",236,958,"1,349","3,713","1,584","2,672",817,"6,087","2,699","21,681",5,0,108,0,0,0,110,"3,868",966,"3,952",712,109,"1,063","1,736","1,029","8,656","4,230","4,711","10,109",621,0,14,163,608,"1,738","7,276","1,467","1,046",130,88,"2,426",422,414
98075,"20,715","2,185","7,005","$614,100",9.48,1.63,"6,733","$142,926",38,38,38,"10,320","10,395","15,298",180,52,"4,293",35,156,701,"5,216",590,712,215,"3,043","3,690","20,658",0,0,0,0,0,0,57,"5,041",783,909,272,15,150,256,351,"7,579","3,485","3,961","8,145",525,0,11,158,"1,005",176,"2,759",836,"2,568",468,492,"4,766","1,335",267
98058,"41,938","2,215","16,120","$302,200",18.93,0.83,"15,395","$77,780",38,37,38,"20,786","21,152","27,498","3,300",233,"6,727",256,"1,399","2,525","8,685","2,490","3,215","1,005","9,750","5,645","41,809",0,0,22,5,0,0,102,"8,929","2,270","4,196",725,58,881,"1,488","1,987","15,510","9,689","9,208","19,448","1,126",0,65,286,"1,067","2,447","13,469","3,249","2,153",274,226,"7,014",847,"1,248"
98122,"31,454","13,594","17,123","$407,600",2.31,1.22,"15,717","$53,570",32,33,31,"16,432","15,022","19,929","5,314",292,"3,027",115,885,"1,892","2,963","1,494","7,771","3,489","13,612","2,105","28,888",62,110,236,0,"1,415",0,743,"4,501",867,"10,349","1,406","1,840","4,488","2,515","1,475","13,436","9,515","6,234","8,173","4,991",42,85,"5,798","1,112","1,504","6,341","1,766","3,573","1,308",931,"2,149",572,354
98053,"18,784",662,"7,652","$544,500",28.37,0.18,"7,108","$116,518",41,41,42,"9,229","9,555","14,981",141,42,"2,747",12,196,665,"4,902",530,"1,346",330,"4,506","2,602","18,776",0,0,7,0,0,0,1,"4,917","1,191","1,000",544,0,330,500,462,"7,243","4,256","5,557","8,304",431,0,48,279,"1,058",282,"4,280",977,"2,964",616,509,"3,517","1,106",185
98118,"42,731","6,841","16,162","$350,700",6.25,2.64,"15,127","$52,276",38,37,39,"20,793","21,938","13,195","11,067",255,"13,939",361,"1,473","2,441","6,294","3,412","3,944","1,477","9,908","5,219","41,980",0,0,263,0,0,0,488,"7,064","1,797","6,266","1,035",194,"2,119","2,389","2,070","13,482","9,488","11,216","14,178","3,770",54,37,"1,228",708,"6,139","11,395","1,798","2,601",995,477,"6,531",875,"1,009"
98112,"21,077","6,667","10,897","$754,200",3.16,1.48,"10,139","$96,054",39,39,40,"10,309","10,768","17,637","1,157",56,"1,154",21,169,883,"3,804",788,"3,977","1,570","8,036","2,103","20,915",23,4,50,6,10,0,69,"4,045","1,543","4,551",758,543,"1,930","1,329",721,"8,908","5,062","4,305","6,719","2,351",28,93,"1,797","1,336",266,"2,937",783,"3,669","1,642","1,038","1,238","1,725",169
98004,"27,946","3,977","16,568","$723,300",7.03,1.61,"13,320","$93,521",40,38,41,"13,894","14,052","19,896",555,81,"5,936",39,429,"1,010","5,946","1,129","5,142","1,103","10,315","3,005","27,758",0,0,50,0,0,0,138,"4,536","2,118","6,666","3,248",895,"2,878","3,005","1,098","11,548","5,699","7,890","10,628","1,383",11,32,"1,748","1,454",653,"5,275","1,384","4,170","1,253",715,"2,904","1,385",462
98177,"19,030","3,341","8,078","$478,600",5.70,1.38,"7,713","$95,648",48,46,49,"9,100","9,930","16,155",375,89,"1,526",26,144,715,"4,468",884,"1,814",547,"5,492","2,221","18,749",0,0,133,0,0,0,148,"4,517","1,846","1,350",365,0,293,547,462,"5,796","4,181","5,660","7,252",668,0,51,131,652,578,"3,840",939,"1,920",994,579,"2,045","1,122",134
98019,"10,725",141,"3,907","$376,600",76.33,0.82,"3,708","$95,025",37,37,37,"5,400","5,325","9,676",41,62,273,7,268,398,"2,551",391,588,178,"2,042","1,666","10,670",0,0,0,0,4,0,51,"2,794",468,446,199,0,44,113,324,"3,802","2,068","2,418","4,781",123,0,25,19,300,317,"3,565",577,476,206,0,"2,265",342,217
98144,"26,881","7,895","12,660","$391,000",3.40,1.75,"11,511","$55,950",38,38,39,"13,573","13,308","11,781","4,889",251,"6,594",107,"1,614","1,645","3,799","1,965","4,060","1,687","8,701","2,810","26,314",35,3,264,0,0,0,265,"4,367","1,270","5,874","1,149",670,"2,546","1,619","1,226","10,047","6,281","6,107","8,980","3,264",29,130,"1,446",622,"2,750","6,433","1,026","2,254","1,059",529,"2,415",647,301
98056,"32,489","4,323","13,746","$342,600",7.52,1.55,"12,964","$70,683",36,36,36,"16,132","16,357","19,273","2,348",193,"6,303",161,"2,415","1,796","5,858","2,100","3,753","1,253","8,879","4,085","32,275",0,23,10,0,0,0,181,"5,908","1,410","5,646",782,207,"1,518","2,846","1,414","13,260","7,007","6,748","15,414","1,236",0,24,338,858,"2,837","10,604","2,036","1,910",376,201,"4,433",739,610
98005,"17,714","2,361","8,070","$568,700",7.50,0.01,"7,539","$84,774",38,36,40,"8,930","8,784","11,467",429,58,"4,572",22,482,684,"3,800",781,"2,286",672,"5,444","2,095","17,549",0,0,0,0,0,0,165,"3,193","1,168","3,178",531,223,"1,190","1,296",512,"6,500","3,307","4,636","6,461","1,032",27,63,389,524,454,"2,954",875,"2,368",500,412,"2,148",566,185
98168,"33,734","3,794","12,541","$240,000",8.89,0.16,"11,678","$49,233",34,34,35,"17,470","16,264","15,966","3,982",532,"5,934",912,"4,244","2,164","4,941","2,516","3,105","1,116","7,476","4,202","33,389",0,14,81,17,0,0,233,"5,058","1,328","5,292",863,146,"1,804","2,364","1,343","10,095","7,744","8,242","12,836","1,787",0,66,310,262,"4,083","12,123","2,070",883,174,96,"5,048",552,"1,007"
98146,"25,922","5,573","10,222","$308,400",4.65,0.68,"9,611","$56,809",38,38,39,"13,002","12,920","15,054","1,651",324,"4,232",419,"2,703","1,539","4,436","1,780","2,544",851,"6,393","3,218","25,565",0,91,111,9,0,0,146,"4,551","1,495","3,565",611,105,"1,265","1,460",787,"8,357","5,668","6,314","9,546","1,623",0,103,506,465,"2,959","8,509","1,419","1,189",305,96,"3,163","1,080",534
98028,"20,419","3,606","8,566","$386,200",5.66,0.72,"7,981","$82,448",40,38,40,"10,120","10,299","16,315",339,111,"2,153",59,517,925,"4,410","1,076","1,868",627,"5,309","2,672","20,333",0,1,27,0,0,0,58,"4,552","1,325","2,104",585,59,475,878,625,"7,111","4,356","4,998","7,889",807,0,65,241,856,"1,008","5,328","1,215","1,742",534,493,"3,257",486,457
98108,"22,374","2,989","8,194","$326,500",7.48,0.37,"7,643","$52,232",37,36,37,"11,495","10,879","6,443","3,361",233,"9,360",184,"1,550","1,243","3,184","1,654","1,935",870,"5,088","2,555","22,017",0,0,103,42,0,0,212,"3,099","1,194","3,350",551,124,664,"1,404","1,290","8,005","4,773","5,623","8,301","2,241",0,95,532,345,"3,876","6,704","1,027",933,218,125,"3,511",419,927
98040,"22,699","3,591","9,930","$864,000",6.32,6.79,"9,109","$126,359",46,45,47,"11,046","11,653","17,677",286,51,"3,615",26,158,886,"5,671",861,"2,198",379,"6,058","3,051","22,631",0,0,43,0,0,0,25,"4,427","2,168","2,514",821,147,804,940,656,"6,994","4,548","6,794","8,002",761,0,17,403,975,291,"2,975",789,"3,414","1,780",605,"3,428","1,370",151
98148,"10,010","3,194","4,588","$255,900",3.13,0.00,"4,230","$45,424",37,35,38,"5,048","4,962","6,148",842,146,972,207,971,724,"1,547",788,"1,520",375,"2,975","1,255","9,961",0,0,12,0,0,0,37,"1,418",401,"2,411",358,91,739,"1,166",375,"3,704","2,117","2,500","4,450",363,12,0,153,165,"1,299","3,665",605,224,33,54,"1,570",178,307
98010,"5,025",334,"2,017","$319,300",15.05,1.02,"1,846","$85,398",41,41,40,"2,512","2,513","4,617",58,40,64,13,67,166,"1,177",228,311,130,"1,133",713,"5,025",0,0,0,0,0,0,0,"1,241",332,273,171,0,0,80,64,"1,675","1,000","1,154","2,066",78,0,0,47,237,225,"2,025",284,184,23,57,741,130,135
98030,"33,769","4,741","12,739","$251,700",7.12,0.09,"11,900","$51,446",32,31,34,"16,832","16,937","18,464","4,201",256,"5,860",456,"2,167","2,365","5,382","2,612","3,055",851,"7,154","4,746","33,424",130,0,43,0,0,0,172,"5,039",867,"5,994",839,110,"1,805","2,303","1,818","9,800","6,314","8,196","11,879",857,13,0,251,684,"3,728","9,580","1,960",927,111,58,"6,016",555,"1,427"
98178,"24,092","4,966","9,290","$283,100",4.85,1.02,"8,668","$58,707",38,37,39,"11,857","12,235","7,196","7,083",205,"6,945",253,667,"1,743","3,629","2,091","2,256",692,"5,717","2,951","23,939",0,0,4,0,0,0,149,"4,332","1,340","2,996",622,35,900,"1,236","1,399","8,460","4,904","6,333","9,818","1,062",0,44,359,468,"2,794","8,477","1,386",819,399,115,"3,324",525,520
98032,"33,853","2,024","14,451","$234,700",16.72,0.29,"13,393","$48,853",33,32,33,"17,190","16,663","18,178","3,834",453,"3,981","1,012","4,255","2,140","4,861","2,691","4,580","1,261","9,095","4,298","32,901",649,17,36,0,0,0,250,"4,449","1,284","7,660","1,058",226,"2,453","3,300","1,175","10,656","6,984","8,683","12,781","1,178",0,20,718,308,"3,726","10,675","2,200",890,120,114,"5,449",343,"1,165"
98109,"20,715","10,361","13,906","$451,400",2.00,0.42,"12,419","$77,034",34,35,34,"10,450","10,265","16,826",843,140,"1,696",59,262,889,"2,756",536,"6,924","2,203","11,362","1,057","19,991",0,0,135,0,0,0,589,"3,123",821,"8,475","1,487","1,550","4,557","2,133",400,"11,236","5,639","3,398","8,113","3,130",16,39,"3,038","1,004",344,"4,217","1,300","2,841","1,097",468,794,447,155
98126,"20,698","6,732","9,805","$358,100",3.07,0.69,"9,190","$66,408",38,37,39,"9,827","10,871","14,385","2,439",228,"1,844",147,531,"1,124","3,442","1,350","3,218","1,180","6,755","2,435","20,333",1,0,272,53,0,0,39,"4,387",989,"3,814",615,152,"1,263","1,415","1,000","7,967","4,415","4,675","7,553","2,110",0,21,426,754,"1,260","5,498","1,272","1,780",514,270,"2,138",459,356
98031,"36,581","4,877","12,846","$271,500",7.50,0.10,"12,242","$63,709",35,34,36,"18,133","18,448","19,221","3,793",246,"8,344",608,"2,158","2,211","6,598","2,513","2,359",772,"7,127","5,115","36,237",0,0,95,0,0,0,249,"6,525","1,457","4,260",604,108,811,"2,039","1,577","11,436","7,307","8,595","14,375",956,16,45,399,789,"3,323","11,043","1,920","1,461",181,204,"7,067",378,966
98070,"10,624",288,"5,552","$413,400",36.92,12.83,"4,606","$72,774",50,49,51,"5,150","5,474","9,808",90,61,175,5,131,354,"2,364",536,"1,284",422,"3,406","1,200","10,537",0,0,70,3,0,0,14,"2,574","1,024","1,008",946,26,280,368,333,"3,257","3,434","2,870","3,635",977,0,0,531,700,365,"2,836",636,"1,610",298,250,"1,522",230,86
98022,"20,987",52,"9,179","$300,800",405.93,2.45,"8,296","$66,295",42,41,43,"10,416","10,571","19,212",91,264,177,35,671,537,"4,517","1,187","2,072",520,"5,652","2,644","20,830",21,0,76,0,0,0,60,"4,498","1,591","2,207",883,140,550,884,636,"6,751","4,961","5,608","9,058",137,0,32,271,515,"1,412","9,080","1,428",586,270,90,"3,240",413,500
98188,"23,111","3,062","9,959","$226,800",7.55,0.29,"9,263","$40,815",35,35,36,"11,866","11,245","10,789","4,325",289,"3,449",832,"2,032","1,395","3,378","1,867","3,108",910,"6,542","2,721","23,034",0,0,11,0,0,0,66,"3,088","1,335","4,840",696,334,"1,905","2,253",669,"7,143","5,522","6,189","8,998","1,248",0,3,539,299,"2,141","9,020","1,382",639,115,99,"3,221",238,571
98002,"31,647","4,423","13,480","$167,100",7.15,0.13,"12,495","$43,568",35,34,36,"15,564","16,083","22,271","1,651",816,"1,394",779,"2,931","1,805","4,665","2,772","3,924","1,134","8,382","4,113","31,247",0,10,215,0,0,0,175,"3,970","1,992","6,533",985,119,"1,957","3,222","1,350","9,534","7,439","9,023","12,319",986,84,65,618,361,"3,924","13,231","1,922",587,149,20,"5,325",243,"1,112"
98039,"2,971","2,059","1,163","$1,000,001",1.44,4.30,"1,062","$183,833",46,45,46,"1,468","1,503","2,479",9,7,347,2,14,113,777,89,172,24,638,424,"2,971",0,0,0,0,0,0,0,567,379,116,101,0,5,4,107,807,385,953,890,34,0,0,40,57,12,290,68,388,146,51,555,355,32
